{
    "val_loss": [
        0.3395639726519585,
        0.33944428503513335,
        0.3458003433048725,
        0.3412214933335781,
        0.3357671619951725,
        0.34046155780553816,
        0.3405680583417416,
        0.3366087293624878,
        0.3395181211829186,
        0.33514761567115786,
        0.34184959933161735,
        0.34144886761903764
    ],
    "loss": [
        0.33941960696663176,
        0.31364489953432767,
        0.3059684810893876,
        0.3023129635623523,
        0.2997248279196875,
        0.29531414742980683,
        0.2973952693598611,
        0.2939145877957344,
        0.28867430963686536,
        0.285770413598844,
        0.27755258264286176,
        0.280327736054148
    ]
},{
    "val_loss": [
        0.3399897639453411,
        0.33186770752072337,
        0.3366821363568306,
        0.33839986100792885,
        0.33445159152150156,
        0.3400013110041618,
        0.3447724139690399,
        0.33679264053702357,
        0.33338029488921167,
        0.3358578781783581,
        0.3374065616726875,
        0.3470751738548279
    ],
    "loss": [
        0.32869539771761214,
        0.3227692352873938,
        0.3148163399526051,
        0.31099764087370463,
        0.31372354222195487,
        0.30854761227965355,
        0.30457910874060223,
        0.29928702201162066,
        0.2984709341611181,
        0.2964263173086303,
        0.2929541411144393,
        0.2935669295489788
    ]
}{
    "val_loss": [
        0.3391014029085636,
        0.3393832577764988,
        0.3333840225636959,
        0.332177222520113,
        0.3397799007594585,
        0.3358179385960102,
        0.3386589363217354,
        0.33624771028757094,
        0.33833849236369135,
        0.33173433393239976,
        0.33511722296476365,
        0.34005966171622276
    ],
    "loss": [
        0.33323550181729455,
        0.3243634113243648,
        0.31739302107266015,
        0.31134541162422724,
        0.307739710275616,
        0.30540473482438496,
        0.3001286321452686,
        0.30103285227503096,
        0.2979355846132551,
        0.29283434099384714,
        0.2938784235290119,
        0.2894840076565742
    ]
}{
    "val_loss": [
        0.33355653285980225,
        0.33348518431186674,
        0.3342909477651119,
        0.3431909216940403,
        0.33472570657730105,
        0.3269803537428379,
        0.33220181465148924,
        0.32918130919337274,
        0.32753157764673235,
        0.33359066531062126,
        0.3337940876185894,
        0.32515968203544615
    ],
    "loss": [
        0.334818123281002,
        0.32091275538716996,
        0.32139968148299625,
        0.31774424420935765,
        0.31414184825760977,
        0.3102554095642907,
        0.31076988918440684,
        0.3050231663244111,
        0.3066603666969708,
        0.30224215068987437,
        0.29932947414261957,
        0.29323221892118456
    ]
}{
    "val_loss": [
        0.335752584785223,
        0.32175468653440475,
        0.3302786983549595,
        0.32675315767526625,
        0.32714705914258957,
        0.32578846886754037,
        0.3272270327806473,
        0.3267787280678749,
        0.33001643866300584,
        0.3280246613919735,
        0.3259058766067028,
        0.3262879756093025
    ],
    "loss": [
        0.3145751953125,
        0.3125695968451707,
        0.3114335345833198,
        0.3045194745063782,
        0.303306787342265,
        0.30169323907382245,
        0.3013698482427044,
        0.290425234514734,
        0.29021674437799316,
        0.29142722120319586,
        0.2866654469483141,
        0.2827671524407207
    ]
}