{
    "loss": [
        0.3615784978866577
    ]
}{
    "loss": [
        0.35856729812920096
    ]
}{
    "loss": [
        0.3579040403664112
    ]
}{
    "loss": [
        0.3563639311492443
    ]
}{
    "loss": [
        0.3570421840250492
    ]
}{
    "loss": [
        0.3564895237982273
    ]
}{
    "loss": [
        0.3567847065627575
    ]
}{
    "loss": [
        0.35563881769776345
    ]
}{
    "loss": [
        0.35592196747660637
    ]
}{
    "loss": [
        0.3532650510966778
    ]
}{
    "loss": [
        0.3558918634057045
    ]
}{
    "loss": [
        0.35543962448835376
    ]
}