{
    "val_loss": [
        0.33715010054409505,
        0.33464139051735403,
        0.3330580689013004,
        0.33525894589722155,
        0.3462273430079222,
        0.33547702968120574,
        0.34332926630973815,
        0.3337961247563362,
        0.3522077564895153,
        0.3352815779298544,
        0.3407086231559515,
        0.3391585244983435
    ],
    "loss": [
        0.34589087452207296,
        0.3196000246419793,
        0.30918350762554575,
        0.29884483115304084,
        0.2826796826507364,
        0.26337414479681426,
        0.242094482197648,
        0.22050216105722245,
        0.20615168213844298,
        0.18766898097736495,
        0.1740948733651922,
        0.15829991992740405
    ]
},{
    "val_loss": [
        0.34243692450225355,
        0.3352349599450827,
        0.3329502326250076,
        0.3344383354485035,
        0.33898002315312625,
        0.3328828018903732,
        0.33342927929013966,
        0.3436600536853075,
        0.33359640777111055,
        0.3379694577306509,
        0.3400943314284086,
        0.34641739014536144
    ],
    "loss": [
        0.33069245377112,
        0.3057045069478807,
        0.2870859332382679,
        0.26307970317346707,
        0.24068443085111324,
        0.21693631055809204,
        0.19672802771840778,
        0.17525674015993165,
        0.15869877799635843,
        0.14555918502488308,
        0.1349930123026882,
        0.12368907142607939
    ]
}{
    "val_loss": [
        0.3435397197306156,
        0.33397236734628677,
        0.34348353698849676,
        0.3480029831826687,
        0.3434882522374392,
        0.33940256454050544,
        0.3496225647628307,
        0.33794805947691203,
        0.35071891963481905,
        0.3453783860616386,
        0.3485326126404107,
        0.34435935797169803
    ],
    "loss": [
        0.3234609457885935,
        0.2986224606455792,
        0.2716903119569733,
        0.23928759195620106,
        0.22018189069238447,
        0.1897657818471392,
        0.166516721000274,
        0.15082053020596503,
        0.1359363125991963,
        0.12542854372766757,
        0.11859766787716321,
        0.106617919249194
    ]
}{
    "val_loss": [
        0.3279011390730739,
        0.3387741549499333,
        0.3306700766831636,
        0.35169040504842997,
        0.32539674827829,
        0.3351520640961826,
        0.34644769759848715,
        0.3340237742289901,
        0.32789568627253174,
        0.3241644614189863,
        0.3419998956285417,
        0.33751029898412527
    ],
    "loss": [
        0.3114949645297158,
        0.2760738050032939,
        0.2517107787763789,
        0.22539667900474297,
        0.19359363377803848,
        0.16772008636700256,
        0.1506451380128662,
        0.13668381617005382,
        0.12035171409536685,
        0.11149948524045093,
        0.1052619911952033,
        0.09414998445925968
    ]
}{
    "val_loss": [
        0.3306468259170651,
        0.3361370103806257,
        0.3332974266819656,
        0.3314237964898348,
        0.34591316763311625,
        0.3343222553096712,
        0.3432591816037893,
        0.3475086628086865,
        0.3278717901557684,
        0.3392532053031027,
        0.3346036701835692,
        0.3409632612764835
    ],
    "loss": [
        0.309443179284029,
        0.2710462938994169,
        0.24550334335381283,
        0.21438438434531723,
        0.18451654584403487,
        0.1640580547388625,
        0.14217352035684863,
        0.1247576375172478,
        0.11283714632427203,
        0.09767712123134142,
        0.0938729683774105,
        0.08700338464932166
    ]
}