{
    "loss": [
        0.3573931187391281
    ]
},{
    "loss": [
        0.35614034831523894
    ]
}{
    "loss": [
        0.35656543672084806
    ]
}{
    "loss": [
        0.35447979271411895
    ]
}{
    "loss": [
        0.3539335072040558
    ]
}{
    "loss": [
        0.3544021755456924
    ]
}{
    "loss": [
        0.3522674679756165
    ]
}{
    "loss": [
        0.35319454669952394
    ]
}{
    "loss": [
        0.3533062070608139
    ]
}{
    "loss": [
        0.35153246819972994
    ]
}{
    "loss": [
        0.3527297765016556
    ]
}{
    "loss": [
        0.3526748478412628
    ]
}