{
  "val_loss": [
    4.5527326583862306,
    4.5289497852325438,
    4.5411472558975223,
    4.5391999721527103,
    4.5367005825042721,
    4.5350635051727295,
    4.5403954267501829,
    4.5470353364944458,
    4.5475504398345947,
    4.54468457698822,
    4.5486367225646971,
    4.5478208780288698
  ],
  "loss": [
    4.8141860734848745,
    4.7393049171992709,
    4.7230197588602705,
    4.7275480429331465,
    4.717655397596813,
    4.7135529858725409,
    4.7145214194343206,
    4.7121483711969283,
    4.7117986679077148,
    4.7096303758167082,
    4.7044214521135599,
    4.7036550385611395
  ]
},{
  "val_loss": [
    4.5559535980224606,
    4.5616771697998049,
    4.5664613485336307,
    4.5651172637939457,
    4.5820146083831785,
    4.5749457120895389,
    4.5708629608154299,
    4.5730966806411741,
    4.5647624015808104,
    4.5722057342529299,
    4.5748631954193115,
    4.5834451675415036
  ],
  "loss": [
    4.545062155950637,
    4.5114288557143443,
    4.4892159757160002,
    4.4974666095915294,
    4.4802386420113702,
    4.4852701368786043,
    4.4778485865820024,
    4.4763465268271307,
    4.475452184677124,
    4.4767715476808094,
    4.4765106609889438,
    4.4701290244147893
  ]
},{
  "val_loss": [
    4.5361724615097048,
    4.5324450016021727,
    4.5307126045227051,
    4.5231786966323853,
    4.5182935714721681,
    4.523022937774658,
    4.5206037521362301,
    4.540737199783325,
    4.5433839082717897,
    4.5406977415084837,
    4.5437408447265621,
    4.543809175491333
  ],
  "loss": [
    4.6729083628881547,
    4.6422579061417348,
    4.6343961329687211,
    4.631931520643688,
    4.6291745957874113,
    4.6264934085664295,
    4.6195528393700007,
    4.6213904562450594,
    4.6187323956262496,
    4.6205133369990756,
    4.620589017868042,
    4.6180220785595125
  ]
},,{
  "val_loss": [
    4.5491508960723879,
    4.5509698152542111,
    4.5536614894866947,
    4.5603511810302733,
    4.561621451377869,
    4.5651947736740111,
    4.5694688081741335,
    4.5700093507766724,
    4.5797416687011721,
    4.5814252376556395,
    4.5846467018127441,
    4.5883522272109989
  ],
  "loss": [
    4.4958343051728749,
    4.4709406920841763,
    4.462183066776821,
    4.4601351079486662,
    4.4496133554549449,
    4.4464208171481179,
    4.4422461305345804,
    4.4419428053356356,
    4.4408780052548362,
    4.4427509648459296,
    4.439259835651943,
    4.4425333113897416
  ]
},,{
  "val_loss": [
    4.558190560340881,
    4.5491351127624515,
    4.54065318107605,
    4.5330619812011719,
    4.5272525310516354,
    4.524590015411377,
    4.5215024709701535,
    4.5196596860885618,
    4.5177801609039303,
    4.5180521965026852,
    4.5187491416931156,
    4.5184649705886839
  ],
  "loss": [
    4.8345515347909238,
    4.8025061658039183,
    4.7920118414837383,
    4.7825727554910999,
    4.7733804592187852,
    4.768352386456181,
    4.7655721908606195,
    4.7638908883799678,
    4.7621103715205537,
    4.7611083477591549,
    4.7590355205075179,
    4.7594258220875325
  ]
}