{
  "loss_1": [
    0.5172932275703975,
    0.393490921883356,
    0.36593046358653475,
    0.35042395336287363,
    0.34038614942913964,
    0.33406680822372437,
    0.32883641833350774,
    0.324741182582719,
    0.3221099504402706,
    0.31949021702721003,
    0.31691859662532806,
    0.315839851186389
  ],
  "val_loss_1": [
    0.4209640383720398,
    0.3825916677713394,
    0.3641160160303116,
    0.35468752682209015,
    0.34610733985900877,
    0.34218660891056063,
    0.3389154613018036,
    0.3360061854124069,
    0.33375005424022675,
    0.33186234533786774,
    0.3305201381444931,
    0.3310201555490494
  ]
},
{
  "loss_2": [
    0.3250424507118407,
    0.3201533825624557,
    0.3170402120976221,
    0.31458193489483427,
    0.31289199207510265,
    0.31164100482350304,
    0.3102027333918072,
    0.30896695312999545,
    0.3072624362650372,
    0.30726955902008785,
    0.30532864729563397,
    0.30572680987062906
  ],
  "val_loss_2": [
    0.32856265604496004,
    0.3274023860692978,
    0.3268171578645706,
    0.32487186789512634,
    0.3243652731180191,
    0.32471644282341006,
    0.3248631089925766,
    0.32419739961624144,
    0.32487364709377287,
    0.325031241774559,
    0.32388283014297486,
    0.3242365390062332
  ]
}
{
  "loss_3": [
    0.3221243861175719,
    0.317888780718758,
    0.316945819627671,
    0.31574273322309765,
    0.31451540121010374,
    0.31330195920807974,
    0.3133271655866078,
    0.31206276587077547,
    0.31113138582025257,
    0.3108253429333369,
    0.3098852563472021,
    0.30954761803150177
  ],
  "val_loss_3": [
    0.32328314781188966,
    0.3231909155845642,
    0.32332288920879365,
    0.3230245769023895,
    0.3231956362724304,
    0.32331148684024813,
    0.3240835428237915,
    0.32382347583770754,
    0.3237553000450134,
    0.32423263490200044,
    0.3239120304584503,
    0.32377349138259887
  ]
}{
  "loss_4": [
    0.2970426416113263,
    0.2935085743665695,
    0.2917223579826809,
    0.2906125287214915,
    0.2893516641287577,
    0.2886742807569958,
    0.2877445880855833,
    0.28666399135476067,
    0.2865481199253173,
    0.2859158473355429,
    0.2857714941104253,
    0.2850931946720396
  ],
  "val_loss_4": [
    0.32407993376255034,
    0.3222169578075409,
    0.32315437495708466,
    0.32311004400253296,
    0.32261852622032167,
    0.323511129617691,
    0.3232165575027466,
    0.3228864312171936,
    0.32323982417583463,
    0.3231712907552719,
    0.32359292805194856,
    0.3235745757818222
  ]
}{
  "loss_5": [
    0.3292596055113751,
    0.32473544740446525,
    0.3234932347772202,
    0.32234322981557983,
    0.3213204362830102,
    0.32117714167793016,
    0.31973637431715995,
    0.31895341447010134,
    0.3181564031879683,
    0.3174928642701412,
    0.3166420862870516,
    0.31662616479224054
  ],
  "val_loss_5": [
    0.32411264181137084,
    0.32281772792339325,
    0.3228948324918747,
    0.3237376153469086,
    0.3235568940639496,
    0.3234196126461029,
    0.3227362811565399,
    0.3230982542037964,
    0.3240551084280014,
    0.32328708469867706,
    0.3246698021888733,
    0.3240392208099365
  ]
}