{
    "val_loss": [
        0.42848328784108164
    ],
    "loss": [
        0.4981122830084392
    ]
}{
    "val_loss": [
        0.4178669601678848
    ],
    "loss": [
        0.3787414395383426
    ]
}{
    "val_loss": [
        0.41233071878552435
    ],
    "loss": [
        0.36246390853609356
    ]
}{
    "val_loss": [
        0.40603840857744217
    ],
    "loss": [
        0.3566302580492837
    ]
}{
    "val_loss": [
        0.4016284966468811
    ],
    "loss": [
        0.35364095845392773
    ]
}{
    "val_loss": [
        0.39859745889902115
    ],
    "loss": [
        0.350812769149031
    ]
}{
    "val_loss": [
        0.3966269020736217
    ],
    "loss": [
        0.3483260989189148
    ]
}{
    "val_loss": [
        0.3952531142532825
    ],
    "loss": [
        0.3453594099198069
    ]
}{
    "val_loss": [
        0.3936458045989275
    ],
    "loss": [
        0.34328253524644037
    ]
}{
    "val_loss": [
        0.3914809308946133
    ],
    "loss": [
        0.34153898230620794
    ]
}{
    "val_loss": [
        0.3902970400452614
    ],
    "loss": [
        0.34078149114336287
    ]
}{
    "val_loss": [
        0.3884638953208923
    ],
    "loss": [
        0.3397849859935897
    ]
}{
    "val_loss": [
        0.38502190306782724
    ],
    "loss": [
        0.3556045513067927
    ]
}{
    "val_loss": [
        0.383074736148119
    ],
    "loss": [
        0.3532299103481429
    ]
}{
    "val_loss": [
        0.38184115529060364
    ],
    "loss": [
        0.351428969843047
    ]
}{
    "val_loss": [
        0.38143044270575044
    ],
    "loss": [
        0.34912330508232114
    ]
}{
    "val_loss": [
        0.3797666087001562
    ],
    "loss": [
        0.348478998030935
    ]
}{
    "val_loss": [
        0.378723167181015
    ],
    "loss": [
        0.3474309572151729
    ]
}{
    "val_loss": [
        0.37871642023324964
    ],
    "loss": [
        0.34639677788530077
    ]
}{
    "val_loss": [
        0.3773207633942366
    ],
    "loss": [
        0.34513947048357557
    ]
}{
    "val_loss": [
        0.3764783813804388
    ],
    "loss": [
        0.34515455961227415
    ]
}{
    "val_loss": [
        0.3763002040982246
    ],
    "loss": [
        0.3441763413803918
    ]
}{
    "val_loss": [
        0.3757908025383949
    ],
    "loss": [
        0.3419013755662101
    ]
}{
    "val_loss": [
        0.3753117876499891
    ],
    "loss": [
        0.3422861608011382
    ]
}{
    "val_loss": [
        0.3729777486622334
    ],
    "loss": [
        0.35322377724306925
    ]
}{
    "val_loss": [
        0.3720914474129677
    ],
    "loss": [
        0.3513509765267372
    ]
}{
    "val_loss": [
        0.37244706258177757
    ],
    "loss": [
        0.3481077123965536
    ]
}{
    "val_loss": [
        0.37130268283188345
    ],
    "loss": [
        0.3489943385124207
    ]
}{
    "val_loss": [
        0.370417500808835
    ],
    "loss": [
        0.34758036179201945
    ]
}{
    "val_loss": [
        0.3702092269062996
    ],
    "loss": [
        0.349202598631382
    ]
}{
    "val_loss": [
        0.3697347242385149
    ],
    "loss": [
        0.3469072733606611
    ]
}{
    "val_loss": [
        0.3693693919479847
    ],
    "loss": [
        0.34597082904406956
    ]
}{
    "val_loss": [
        0.3687163099646568
    ],
    "loss": [
        0.3450946420431137
    ]
}{
    "val_loss": [
        0.36906119115650654
    ],
    "loss": [
        0.34555932730436323
    ]
}{
    "val_loss": [
        0.3689873299002647
    ],
    "loss": [
        0.3459654075758798
    ]
}{
    "val_loss": [
        0.3692119146883488
    ],
    "loss": [
        0.34450056552886965
    ]
}{
    "val_loss": [
        0.3686682633310556
    ],
    "loss": [
        0.3110086426138878
    ]
}{
    "val_loss": [
        0.3698420626670122
    ],
    "loss": [
        0.30875335953065325
    ]
}{
    "val_loss": [
        0.3711468847095966
    ],
    "loss": [
        0.3080563255718776
    ]
}{
    "val_loss": [
        0.37104637652635575
    ],
    "loss": [
        0.3069350610886301
    ]
}{
    "val_loss": [
        0.3711620134115219
    ],
    "loss": [
        0.30631595732910294
    ]
}{
    "val_loss": [
        0.3712537111341953
    ],
    "loss": [
        0.30595072891030994
    ]
}{
    "val_loss": [
        0.3708944930136204
    ],
    "loss": [
        0.3057939989226205
    ]
}{
    "val_loss": [
        0.3708566641062498
    ],
    "loss": [
        0.3055365605013711
    ]
}{
    "val_loss": [
        0.3707736499607563
    ],
    "loss": [
        0.3051805708025183
    ]
}{
    "val_loss": [
        0.37073521308600904
    ],
    "loss": [
        0.30435996523925235
    ]
}{
    "val_loss": [
        0.3702949755638838
    ],
    "loss": [
        0.30548315921000074
    ]
}{
    "val_loss": [
        0.36971307240426543
    ],
    "loss": [
        0.3045491462307317
    ]
}{
    "val_loss": [
        0.36614508606493473
    ],
    "loss": [
        0.35975138151991193
    ]
}{
    "val_loss": [
        0.36452515482902526
    ],
    "loss": [
        0.35720655861972034
    ]
}{
    "val_loss": [
        0.36342429772019386
    ],
    "loss": [
        0.35570851983367535
    ]
}{
    "val_loss": [
        0.3637418186664581
    ],
    "loss": [
        0.3549603439759517
    ]
}{
    "val_loss": [
        0.36285499393939974
    ],
    "loss": [
        0.35465553554071894
    ]
}{
    "val_loss": [
        0.36266274362802503
    ],
    "loss": [
        0.35432362210923346
    ]
}{
    "val_loss": [
        0.36224460892379284
    ],
    "loss": [
        0.3548352536947831
    ]
}{
    "val_loss": [
        0.36259773284196856
    ],
    "loss": [
        0.35385684971360193
    ]
}{
    "val_loss": [
        0.3625816761702299
    ],
    "loss": [
        0.35431140207726025
    ]
}{
    "val_loss": [
        0.3622199831157923
    ],
    "loss": [
        0.3530132567537004
    ]
}{
    "val_loss": [
        0.3622881305217743
    ],
    "loss": [
        0.3537519330131835
    ]
}{
    "val_loss": [
        0.3622999941557646
    ],
    "loss": [
        0.35349442086358
    ]
}