{
    "loss": [
        0.38098858850342887,
        0.3331251261489732,
        0.3140884918825967,
        0.30176560985190526,
        0.28582909830978936,
        0.27015699701649803,
        0.25634638954486166,
        0.2389984710940293,
        0.22731758026140078,
        0.2175660212125097,
        0.20610153270619255,
        0.19842824233429773
    ]
},{
    "loss": [
        0.3330932974815369,
        0.3032833199415888,
        0.28082372290747504,
        0.25888661848647254,
        0.23693157519612992,
        0.22128664436084883,
        0.2058252602815628,
        0.19214930225695884,
        0.18114982300571034,
        0.17200559516038214,
        0.16415379430566515,
        0.15605970855270113
    ]
}{
    "loss": [
        0.30752347814185277,
        0.27431461055363926,
        0.24454190113714763,
        0.21650649181434087,
        0.19980645871588162,
        0.18216080218553543,
        0.1704496002623013,
        0.15793404025690896,
        0.14802887982555799,
        0.14316146905933108,
        0.13484244548848698,
        0.13108192905783653
    ]
}{
    "loss": [
        0.3185974012528147,
        0.27088579908013344,
        0.23941761148827417,
        0.2064930675285203,
        0.1883568267737116,
        0.17649888672998973,
        0.16079471973436218,
        0.15000978117542607,
        0.13920726903847286,
        0.13492001268480505,
        0.12723689350698675,
        0.12279354333877564
    ]
}{
    "loss": [
        0.3153662593036458,
        0.2640034736714501,
        0.23252681048883908,
        0.2006421505972959,
        0.177075349982234,
        0.16143922119036966,
        0.14777568803317304,
        0.14390636294864226,
        0.13058457847522653,
        0.12192922436456749,
        0.12090599391123523,
        0.11352129491127055
    ]
}