{
    "val_loss": [
        0.3624300548434258,
        0.32526511669158936,
        0.3142841497063637,
        0.3093767648935318,
        0.30745218575000766,
        0.30722991690039636,
        0.3058639369904995,
        0.3059412920475006,
        0.3046648381650448,
        0.30464146599173547,
        0.30528043329715726,
        0.30505354776978494
    ],
    "loss": [
        0.4299816846847534,
        0.35385916169200626,
        0.3351073652505875,
        0.3284961938858032,
        0.3259119885308402,
        0.32395209414618353,
        0.3242057076522282,
        0.32280804195574353,
        0.32428980107818334,
        0.3231229699083737,
        0.3224584453872272,
        0.3219801962375641
    ]
},{
    "val_loss": [
        0.3059872815012932,
        0.30356835916638375,
        0.3047892735898495,
        0.30484955713152884,
        0.30727584153413773,
        0.30740264505147935,
        0.3074650199711323,
        0.305347138941288,
        0.3052975633740425,
        0.30805587753653524,
        0.3078708054125309,
        0.30635340586304666
    ],
    "loss": [
        0.31979173272848127,
        0.3146668671497277,
        0.31418970418827874,
        0.31326294168829916,
        0.3125580135200705,
        0.31291954900537217,
        0.31253711517368044,
        0.31121049416916713,
        0.3111158256019865,
        0.31150240855557576,
        0.31124420868498937,
        0.3108935008091586
    ]
}{
    "val_loss": [
        0.304591463804245,
        0.30430340468883516,
        0.3028866782784462,
        0.3032737046480179,
        0.3021074372529984,
        0.3011981463432312,
        0.3022783423960209,
        0.30125015422701834,
        0.3026514187455177,
        0.3014488469064236,
        0.30140515834093096,
        0.30079547449946403
    ],
    "loss": [
        0.3161899074912071,
        0.3136725148984364,
        0.31244159362145835,
        0.31240901308400293,
        0.3112619359578405,
        0.31090304000037056,
        0.310225119973932,
        0.30980091989040376,
        0.30983438066073826,
        0.30909657840217863,
        0.30879663888897213,
        0.3091756539685386
    ]
}{
    "val_loss": [
        0.30236027732491494,
        0.30057635471224786,
        0.30066110074520114,
        0.2997581034898758,
        0.301398800611496,
        0.3006982980668545,
        0.30066811442375185,
        0.3013223332166672,
        0.301048998683691,
        0.3009129232168198,
        0.300783946365118,
        0.30029705867171286
    ],
    "loss": [
        0.3061194568872452,
        0.3039727687835693,
        0.3027132827256407,
        0.3020024523139,
        0.3019389476094927,
        0.30112520498888834,
        0.3010634772479534,
        0.30083167627453805,
        0.2997027761169842,
        0.300379798242024,
        0.3001933261752129,
        0.30005529608045306
    ]
}{
    "val_loss": [
        0.3017447127401829,
        0.30171833917498586,
        0.3041626334190369,
        0.30500739872455596,
        0.3026013232767582,
        0.3025051335990429,
        0.305663520693779,
        0.303561645001173,
        0.3030963341891766,
        0.30282297894358634,
        0.3030836917459965,
        0.30384943425655364
    ],
    "loss": [
        0.3229406203912652,
        0.32067439543164294,
        0.3196476445249889,
        0.31903297724067303,
        0.31934514663357666,
        0.3187108294687409,
        0.31783068244871887,
        0.3182531089886375,
        0.3180192268413046,
        0.3175766342791958,
        0.3170747787192248,
        0.31749932424745697
    ]
}