{
    "val_loss": [
        4.853727984428406
    ],
    "loss": [
        4.826631983121236
    ]
}{
    "val_loss": [
        4.806694197654724
    ],
    "loss": [
        4.322474525088356
    ]
}{
    "val_loss": [
        4.857283997535705
    ],
    "loss": [
        4.616145781108311
    ]
}{
    "val_loss": [
        4.827087044715881
    ],
    "loss": [
        4.587763048353649
    ]
}{
    "val_loss": [
        4.808698058128357
    ],
    "loss": [
        4.487734608028246
    ]
}