{
    "loss": [
        0.3669907520924296,
        0.3448770908372743,
        0.33462643963950023,
        0.3261253814612116,
        0.3126511854784829,
        0.31049290959324155,
        0.30778973762478146,
        0.2973525922213282,
        0.2906509201441492,
        0.28276531398296356,
        0.2798378608056477,
        0.2766882223742349
    ],
    "val_loss": [
        0.5247911183536053,
        0.5124358306825161,
        0.5095120176672936,
        0.49709535017609596,
        0.5347986671328545,
        0.5269237032532692,
        0.5631947229802609,
        0.49682672396302224,
        0.5207750552892685,
        0.547675086259842,
        0.5651021145284176,
        0.5516829812526702
    ]
},{
    "loss": [
        0.3304043100348541,
        0.3235269659331867,
        0.30780718571373394,
        0.2966757887176105,
        0.2931739291974476,
        0.28108102806976865,
        0.2831860301750047,
        0.2729800969362259,
        0.26785919879164016,
        0.26520390318972725,
        0.26087518462112974,
        0.24633618933813914
    ],
    "val_loss": [
        0.5002041433751583,
        0.569046885818243,
        0.5482886976003647,
        0.5357443468272686,
        0.5649080145359039,
        0.5447132289409637,
        0.5411014457792044,
        0.5168914131820201,
        0.4762810110300779,
        0.49544449120759965,
        0.5522450730204582,
        0.5588096684217453
    ]
}{
    "loss": [
        0.31306024832384927,
        0.3004136333508151,
        0.2971747589962823,
        0.28271182073014123,
        0.27509842248899596,
        0.26199840403028896,
        0.26039742422955375,
        0.2541900005723749,
        0.25021269491740633,
        0.24137117064424923,
        0.24520729279943876,
        0.24160366324441773
    ],
    "val_loss": [
        0.5196447245031596,
        0.5268309223651886,
        0.5138086068630219,
        0.502602316737175,
        0.5171446780860424,
        0.534501258134842,
        0.5094201086461544,
        0.5189537808299065,
        0.5108931930363179,
        0.5406296753883362,
        0.5381721235811711,
        0.5471500542759895
    ]
}{
    "loss": [
        0.3228539764881134,
        0.3136927930372102,
        0.30670067753110614,
        0.29489563916410716,
        0.29103944801858495,
        0.281256693814482,
        0.2743255145847797,
        0.272007843213422,
        0.2671921203179019,
        0.2597243330308369,
        0.2585610583424568,
        0.25044426023960115
    ],
    "val_loss": [
        0.4955400215089321,
        0.5599141807854175,
        0.5359760268032551,
        0.516216891631484,
        0.4839288053661585,
        0.5215351986885071,
        0.49907037004828453,
        0.47619677588343623,
        0.4941423565149307,
        0.47550774067640306,
        0.5211980713903904,
        0.502375533208251
    ]
}{
    "loss": [
        0.33494776163412177,
        0.32213269238886627,
        0.3166082400990569,
        0.30733668329059216,
        0.3001663323113884,
        0.28659536851489026,
        0.28449715242005774,
        0.2789060915077942,
        0.27769909755907196,
        0.2668233132664708,
        0.26792902963748877,
        0.2623236610189728
    ],
    "val_loss": [
        0.4892343680560589,
        0.4849382193386555,
        0.44629517927765844,
        0.49918381780385973,
        0.488950657248497,
        0.4845114561915398,
        0.44741949267685416,
        0.5113423025608063,
        0.5348618836700916,
        0.5260256674885749,
        0.5031102013587951,
        0.5065980952978134
    ]
}