{
    "loss": [
        0.37743018588849475,
        0.32642297744750975,
        0.3085618951490947,
        0.29289836670671193,
        0.2774776011705399,
        0.2598840526172093,
        0.24593352803162166,
        0.23231192976236342,
        0.21952374151774814,
        0.20279103953923497,
        0.19138163509113448,
        0.1795763183917318
    ]
}{
    "loss": [
        0.3241876427616392,
        0.29532227611967493,
        0.27192850080983977,
        0.2502242424658367,
        0.2315366692841053,
        0.21335586639387266,
        0.19456108978816442,
        0.1827755068029676,
        0.1724551601069314,
        0.1582530382488455,
        0.1464521813605513,
        0.13892974917377746
    ]
}{
    "loss": [
        0.32584014417869706,
        0.28339935477290834,
        0.25327642730304173,
        0.22915696682674544,
        0.2081956718649183,
        0.18658870267016547,
        0.17298172169498036,
        0.15709966229540961,
        0.14599645531603267,
        0.1370624716792788,
        0.1244522688644273,
        0.11685226091316768
    ]
}{
    "loss": [
        0.30821063561098916,
        0.26867041406886916,
        0.2373913058212825,
        0.2037984329674925,
        0.18523073898894446,
        0.1668616931885481,
        0.15138855214629854,
        0.13865401095577648,
        0.12537144576864584,
        0.11950698984520776,
        0.11140113137662411,
        0.10554205807191985
    ]
}{
    "loss": [
        0.3023643015843371,
        0.25438415388698166,
        0.2247081573890603,
        0.19486979060414908,
        0.16957659457904706,
        0.15416665094486182,
        0.13992190954909808,
        0.1275241627641346,
        0.12047233761868616,
        0.1064600866233957,
        0.10205098133588182,
        0.09605206263022147
    ]
}