{
    "loss": [
        0.3627271935343742,
        0.31328179772411074,
        0.28501436220748083,
        0.25522473603487017,
        0.2278736189007759,
        0.20712825613362448,
        0.18792379179171154,
        0.1692649515611785,
        0.15173483576093402,
        0.1386616786675794,
        0.1296930398259844,
        0.11847655735909939
    ],
    "val_loss": [
        0.35456078618764875,
        0.3489646086096764,
        0.34575057446956636,
        0.34335190162062645,
        0.3471669082343578,
        0.3450047852098942,
        0.34523279070854185,
        0.343446491509676,
        0.3428791642189026,
        0.34322121784091,
        0.34474665731191634,
        0.34378899171948435
    ]
},{
    "loss": [
        0.33142622879573275,
        0.28562918209603855,
        0.24738092571496964,
        0.21611731967755726,
        0.1899497321673802,
        0.17249577652130807,
        0.1489652727331434,
        0.135499006030815,
        0.12241793040718352,
        0.11397379083292825,
        0.10324594085769993,
        0.09569021899785314
    ],
    "val_loss": [
        0.349865365177393,
        0.3483570355176926,
        0.34205975502729413,
        0.33389556750655175,
        0.33819042399525645,
        0.34473870664834977,
        0.3398645333945751,
        0.3452251209318638,
        0.3455778039991856,
        0.342670411914587,
        0.35176984950900075,
        0.3437012001872063
    ]
}{
    "loss": [
        0.3231299908033439,
        0.27798465064593725,
        0.23552144787141255,
        0.1977932873581137,
        0.17230839676090648,
        0.1530689297510045,
        0.13160777379359517,
        0.12303820428039347,
        0.11120867713221481,
        0.09914213573294027,
        0.09286664814821312,
        0.08189840393939189
    ],
    "val_loss": [
        0.3399906580150127,
        0.3315796160697937,
        0.3329833292961121,
        0.3367927870154381,
        0.3337347635626793,
        0.3298885658383369,
        0.33973031356930733,
        0.33551724478602407,
        0.3450646464526653,
        0.33658660084009173,
        0.3409573595225811,
        0.34149056911468506
    ]
}{
    "loss": [
        0.3228848177407469,
        0.2696465768984386,
        0.22807131292564528,
        0.19499272081468785,
        0.1619071643267359,
        0.14327229128352234,
        0.12777350204331533,
        0.11005322491484029,
        0.10099631281835693,
        0.08905506134033203,
        0.08131984301975795,
        0.07606304639152119
    ],
    "val_loss": [
        0.32788417682051657,
        0.33880673423409463,
        0.3335687680542469,
        0.3367435868084431,
        0.3373284314572811,
        0.33171600222587583,
        0.33675692215561864,
        0.33266953364014623,
        0.33038747787475586,
        0.3473880518972874,
        0.33594383791089055,
        0.34080433994531634
    ]
}{
    "loss": [
        0.32673235928666766,
        0.26479538281758624,
        0.2174055758809698,
        0.18277976391971976,
        0.15754579444942268,
        0.13222030949765357,
        0.11658859479686488,
        0.10557918045399846,
        0.08935840071543404,
        0.08385041755610619,
        0.07947886562433795,
        0.07197893041091552
    ],
    "val_loss": [
        0.33928696155548094,
        0.34088043093681336,
        0.32390917420387266,
        0.3235726270079613,
        0.3308290205895901,
        0.3294302996993065,
        0.3340353794395924,
        0.3296388454735279,
        0.3268981386721134,
        0.3239557600021362,
        0.3312146539986134,
        0.3377412386238575
    ]
}