{
    "val_loss": [
        0.45371585594373753
    ],
    "loss": [
        0.343307472246566
    ]
}