{
    "loss": [
        0.3917296503271375,
        0.3236470609903336,
        0.3176220233951296,
        0.2961756374154772,
        0.2768490557159696,
        0.2570321206535612,
        0.2394086126770292,
        0.22801416644028255,
        0.210907980799675,
        0.19979154808180674,
        0.18690730950662068,
        0.17532991703067508
    ]
},{
    "loss": [
        0.34928986941065104,
        0.32180561678750175,
        0.2973671874829701,
        0.27351871388299126,
        0.2546115049294063,
        0.23909549415111542,
        0.22082659602165222,
        0.2029560978923525,
        0.19070815784590586,
        0.18395820813519614,
        0.16954371673720223,
        0.15981721729040146
    ]
}{
    "loss": [
        0.3265881666115352,
        0.30065800888197763,
        0.2779335405145373,
        0.2530063007559095,
        0.23588647629533496,
        0.219340341431754,
        0.2037045840706144,
        0.18824953330414637,
        0.17512644082307816,
        0.16412035759006227,
        0.1578862609607833,
        0.1459682660443442
    ]
}{
    "loss": [
        0.30543820815426964,
        0.28362677480493276,
        0.25662108063697814,
        0.2350282847881317,
        0.21753069502966746,
        0.19955574997833797,
        0.18533494642802648,
        0.1706080702798707,
        0.15603501967021396,
        0.1461844646504947,
        0.13899950278656822,
        0.12885818098272597
    ]
}{
    "loss": [
        0.31569703938304516,
        0.2865944621355637,
        0.2590444532857425,
        0.2384294651556706,
        0.21928117111109305,
        0.20100047493326492,
        0.18154953376970429,
        0.17048297800879547,
        0.15936902942864792,
        0.15126482580882916,
        0.1354432933140492,
        0.12899250029653742
    ]
}