{
    "val_loss": [
        0.3924072295427322
    ],
    "loss": [
        0.37019828813416616
    ]
},{
    "loss": [
        0.3736948910213652
    ],
    "val_loss": [
        0.37546533048152925
    ]
}{
    "loss": [
        0.3320889146555038
    ],
    "val_loss": [
        0.3764938622713089
    ]
}{
    "loss": [
        0.3566479853221348
    ],
    "val_loss": [
        0.36526501178741455
    ]
}{
    "loss": [
        0.34775088043604496
    ],
    "val_loss": [
        0.364210906624794
    ]
}{
    "loss": [
        0.3479498865235831
    ],
    "val_loss": [
        0.36335040628910065
    ]
}{
    "loss": [
        0.3452047282370968
    ],
    "val_loss": [
        0.3628458738327026
    ]
}{
    "loss": [
        0.34440856322574154
    ],
    "val_loss": [
        0.36218723356723787
    ]
}{
    "loss": [
        0.3446407843615122
    ],
    "val_loss": [
        0.3617782324552536
    ]
}{
    "loss": [
        0.3447740363038104
    ],
    "val_loss": [
        0.3614634186029434
    ]
}{
    "loss": [
        0.3438878181763893
    ],
    "val_loss": [
        0.3610819011926651
    ]
}{
    "loss": [
        0.3428792106932488
    ],
    "val_loss": [
        0.3607199460268021
    ]
}{
    "loss": [
        0.3428941864322349
    ],
    "val_loss": [
        0.3603802055120468
    ]
}{
    "loss": [
        0.34231148768162384
    ],
    "val_loss": [
        0.360238653421402
    ]
}{
    "loss": [
        0.3415647485981817
    ],
    "val_loss": [
        0.35992646813392637
    ]
}{
    "loss": [
        0.34093776791567965
    ],
    "val_loss": [
        0.35963729321956633
    ]
}