{
    "val_loss": [
        0.35527090132236483,
        0.33462541058659556,
        0.32733811289072035,
        0.3245579878985882,
        0.3235271392762661,
        0.3216825217008591,
        0.32409940123558045,
        0.3170773915946484,
        0.32221280962228777,
        0.321379267424345,
        0.3190403062105179,
        0.3178334775567055
    ],
    "loss": [
        0.4158594180430685,
        0.3421220253620829,
        0.3204908981919289,
        0.30615544383014953,
        0.2924395729388509,
        0.2776396214962006,
        0.26493304137672696,
        0.2498934200831822,
        0.23757887184619902,
        0.22562135415417808,
        0.21820819952658244,
        0.2051756801349776
    ]
},{
    "val_loss": [
        0.31728626996278764,
        0.3141940049827099,
        0.3137164953351021,
        0.31643241733312605,
        0.31355650573968885,
        0.31204982846975327,
        0.31108850449323655,
        0.3183414990454912,
        0.3186120145767927,
        0.3146540845185518,
        0.3152422620356083,
        0.3154457677900791
    ],
    "loss": [
        0.3262678218739373,
        0.30236049656357084,
        0.27833662416253774,
        0.26132811520780835,
        0.23969588918345316,
        0.22399142203586442,
        0.2097809231707028,
        0.19845788180828094,
        0.1876299054494926,
        0.17852157992976053,
        0.16937765670674187,
        0.1635611379785197
    ]
}{
    "val_loss": [
        0.3068223313242197,
        0.3078594447672367,
        0.31183816231787204,
        0.3051875096559524,
        0.30688210248947145,
        0.30879251345992087,
        0.31399944961071014,
        0.3070867367833853,
        0.308349277228117,
        0.309014308154583,
        0.30402716383337974,
        0.30823758244514465
    ],
    "loss": [
        0.3154745480843953,
        0.2831529466169221,
        0.2551202127976077,
        0.23280084750482014,
        0.21317649292094368,
        0.19720628006117685,
        0.1840392244713647,
        0.17359461135097912,
        0.1624354281595775,
        0.15546892551439148,
        0.14631000523056303,
        0.1417305786694799
    ]
}{
    "val_loss": [
        0.3199103353917599,
        0.3033898878097534,
        0.30340857729315757,
        0.31094511575996875,
        0.30804815754294396,
        0.3121981699764729,
        0.2996357963606715,
        0.3007359532639384,
        0.3097213789075613,
        0.30806463964283465,
        0.30105406083166597,
        0.3109933402761817
    ],
    "loss": [
        0.32169107986348017,
        0.27901689772095,
        0.24694356077483723,
        0.22014314138463564,
        0.19922634086438587,
        0.1807740510574409,
        0.1681376452956881,
        0.1542015463645969,
        0.14353187302393572,
        0.14040186602090085,
        0.13323287325245994,
        0.12835461316364152
    ]
}{
    "val_loss": [
        0.3098635793849826,
        0.30114076294004916,
        0.31502502113580705,
        0.30283798687160013,
        0.29818653292953967,
        0.2971152039244771,
        0.3029453183338046,
        0.2995591400563717,
        0.30639270044863226,
        0.3003428344428539,
        0.3006496900320053,
        0.3027920076996088
    ],
    "loss": [
        0.3100171313769575,
        0.2600086534368819,
        0.22784009403076724,
        0.20120668108912482,
        0.17871469259262085,
        0.16310916743848636,
        0.15026219988214798,
        0.14017329937306003,
        0.13313838467001915,
        0.1251987336554389,
        0.11997190954676573,
        0.11497830977474434
    ]
}