{
    "val_loss_1": [
        0.3078434679657221,
        0.3052517853677273,
        0.30603711888194085,
        0.31218240305781364,
        0.30231925792992115,
        0.3132709109783173,
        0.312620365768671,
        0.3103107596188784,
        0.3112793638557196,
        0.3076064387708902,
        0.3092788915336132,
        0.3079025016725063
    ],
    "loss_1": [
        0.3423727997711727,
        0.3156042463013104,
        0.31299156227282116,
        0.30648702808788847,
        0.2967693737574986,
        0.295762981155089,
        0.2914327359625271,
        0.2877718842455319,
        0.2873224430850574,
        0.2790042500410761,
        0.2765771191034998,
        0.27430008415664947
    ]
},{
    "val_loss_2": [
        0.30871632441878316,
        0.30484893582761285,
        0.30769798062741754,
        0.3062056415528059,
        0.3067215696722269,
        0.31241750091314313,
        0.31048963084816933,
        0.3078095120936632,
        0.3136178588867187,
        0.3165736870467663,
        0.3172116204351187,
        0.30657238215208055
    ],
    "loss_2": [
        0.326678482655968,
        0.3129109689167568,
        0.30868135264941626,
        0.3081008811082159,
        0.2981645677770887,
        0.2953666820057801,
        0.2927080403481211,
        0.28860552779265813,
        0.28275444550173623,
        0.2846882769039699,
        0.27983013625655856,
        0.2778372328196253
    ]
}{
    "val_loss_3": [
        0.3129025176167488,
        0.3159270492196083,
        0.305967531427741,
        0.3146387669444084,
        0.3147727678716183,
        0.3174456763267517,
        0.30894688159227374,
        0.3109969597309828,
        0.3161684024333954,
        0.3084056758880615,
        0.31270602516829965,
        0.3209338684380054
    ],
    "loss_3": [
        0.33535504575286595,
        0.3252226910420826,
        0.31699696289641516,
        0.3121922901698521,
        0.3131420278123447,
        0.3051186345517635,
        0.3043054382715906,
        0.3004596345126629,
        0.29838326456291336,
        0.2925379166645663,
        0.293858169977154,
        0.2890399287853922
    ]
}{
    "val_loss_4": [
        0.3242588867247105,
        0.3105756463855505,
        0.3185268421471119,
        0.31793266482651233,
        0.3183870179951191,
        0.31102727927267554,
        0.3139432594180107,
        0.31328032791614535,
        0.3190897773951292,
        0.3171798763424158,
        0.3167004658281803,
        0.3183920959383249
    ],
    "loss_4": [
        0.32011573484965733,
        0.3139818806733404,
        0.3108804655926568,
        0.3033382456217493,
        0.30207982478397233,
        0.29551489161593575,
        0.2908457168510982,
        0.29083894214459827,
        0.2888523255075727,
        0.28300698207957403,
        0.279807350890977,
        0.2742438834692751
    ]
}{
    "val_loss_5": [
        0.3168546399474144,
        0.3087269304692745,
        0.3143221014738083,
        0.3069286935776472,
        0.30599716894328594,
        0.30870172470808027,
        0.3128951620310545,
        0.3126859414577484,
        0.31022258624434473,
        0.31739391408860684,
        0.3180093818902969,
        0.31678467139601707
    ],
    "loss_5": [
        0.32392576099305914,
        0.3164332055527231,
        0.31402198646379553,
        0.3037773487360581,
        0.30412872297608334,
        0.2996595249227855,
        0.29495247032331384,
        0.2938611125168593,
        0.28717019236174185,
        0.2842866948981216,
        0.2803287742578465,
        0.27793673242347827
    ]
}